Date,SMALL LoPRIOR,ME1 PRIOR2,SMALL HiPRIOR,BIG LoPRIOR,ME2 PRIOR2,BIG HiPRIOR
192701,  -0.09,   3.62,   0.40,  -0.40,   0.27,   0.00
192702,   7.25,   6.11,   6.05,   5.91,   3.98,   4.47
192703,  -3.38,  -2.88,  -2.06,  -3.63,  -0.24,   2.23
192704,  -0.52,  -0.68,   3.40,  -2.59,   0.72,   1.82
192705,   2.48,  11.15,   6.82,   5.52,   4.83,   7.09
192706,  -2.05,  -0.44,  -2.88,  -3.72,  -2.12,  -1.84
192707,   3.14,   4.29,   6.93,   4.53,   7.84,   9.32
192708,   0.00,  -0.45,   0.10,   1.21,   2.12,   3.40
192709,   2.53,   0.30,   3.19,   2.97,   4.89,   6.09
192710,  -4.51,  -1.80,  -3.34,  -2.11,  -3.40,  -5.44
192711,  11.61,   8.64,   7.02,   5.12,   5.93,   8.36
192712,   0.44,   5.53,   4.53,   1.23,   1.72,   3.45
192801,   2.92,   3.47,   0.66,  -1.93,  -0.22,  -0.87
192802,  -3.50,  -1.92,  -4.77,  -0.81,  -0.90,  -1.72
192803,   6.45,   7.81,   7.57,   6.75,   5.30,  15.37
192804,   8.20,  10.42,   5.98,  11.14,   4.02,   2.05
192805,   2.76,   2.37,   4.01,  -1.21,   1.06,   3.24
192806,  -9.28,  -7.31,  -6.27,  -5.17,  -4.05,  -4.09
192807,  -1.69,  -0.69,   2.11,  -0.28,   0.77,   1.56
192808,   4.81,   2.61,   6.29,   4.30,   6.26,  10.21
192809,   4.19,   5.33,   7.61,   1.39,   1.89,   5.25
192810,   0.33,   0.90,   7.29,   0.74,   0.78,   3.88
192811,   9.76,  11.81,  10.55,   8.71,  13.48,  12.15
192812,  -2.78,   0.63,  -1.35,  -0.47,   0.07,   1.67
192901,  -0.05,   1.80,   2.84,   3.81,   5.21,   5.79
192902,  -0.32,   1.22,   3.19,  -1.53,  -0.82,   1.12
192903,  -4.20,  -5.67,  -3.80,   0.34,   0.87,  -1.45
192904,   1.74,  -0.65,   1.90,  -0.93,   1.74,   2.69
192905, -11.22,  -8.92, -11.79,  -3.41,  -4.52,  -6.93
192906,   4.29,   6.13,  10.38,   2.95,   7.82,  14.43
192907,   0.81,  -0.22,   2.41,   0.68,   4.85,   4.98
192908,  -1.41,   0.01,   1.87,   5.19,   7.60,  11.24
192909,  -6.12,  -3.72,  -2.09,  -7.40,  -3.59,  -5.35
192910, -24.33, -19.70, -23.22, -27.98, -11.33, -20.91
192911, -12.59, -10.60, -17.41, -14.24,  -8.17, -13.45
192912,  -7.78,  -1.97,  -0.57,   0.09,  -1.62,   3.18
193001,  17.84,   8.76,   6.70,   4.05,   5.58,   5.11
193002,   3.71,   3.72,   2.86,   0.78,   1.91,   2.88
193003,  12.01,  11.01,   6.35,   9.91,   6.69,   7.04
193004,  -5.45,  -6.48,  -2.04,  -5.94,  -2.48,  -1.39
193005,  -6.06,  -1.63,  -2.31,   2.76,  -2.19,  -1.02
193006, -25.70, -18.24, -16.71, -18.61, -17.32, -14.38
193007,   4.56,   3.66,   3.01,   5.73,   6.66,   3.05
193008,  -3.85,  -2.12,   0.82,  -2.63,   1.02,   0.55
193009, -20.63, -15.61, -10.97, -23.18, -13.32,  -9.82
193010, -12.79,  -9.59,  -8.29, -16.40,  -9.59,  -7.13
193011,  -2.65,  -3.62,  -1.53,   1.21,  -3.85,  -2.26
193012, -21.23, -14.74,  -7.97, -17.56, -10.01,  -4.28
193101,  24.07,  13.58,   9.38,  12.16,   6.22,   5.20
193102,  21.33,  16.27,  10.72,  25.81,  14.34,   7.66
193103, -12.74,  -5.43,  -2.33, -12.66,  -8.59,  -4.15
193104, -21.49, -16.40, -10.29, -18.57, -13.03,  -6.58
193105, -17.27, -14.45,  -6.55, -19.37, -14.24, -11.90
193106,  25.32,  17.83,   8.70,  29.60,  18.40,  10.60
193107, -11.44,  -7.47,  -3.17, -11.90,  -9.09,  -4.00
193108,  -1.34,  -2.54,  -3.51,   5.16,  -0.60,   0.28
193109, -39.37, -30.70, -29.41, -36.87, -30.76, -26.36
193110,  10.17,  10.01,  12.16,   4.21,   8.06,   8.62
193111, -13.46,  -5.59,  -8.76, -16.73, -11.13,  -6.06
193112, -25.73, -22.57, -11.65, -24.06, -16.14,  -9.69
193201,  13.15,   8.55,   1.92,   6.87,  -2.72,  -2.63
193202,   2.24,   0.87,   4.84,   5.62,   5.04,   6.26
193203, -15.72, -11.76,  -6.90, -19.84, -13.80,  -8.00
193204, -22.09, -18.49, -15.85, -22.82, -22.19, -15.15
193205, -25.20, -19.84, -20.47, -37.15, -22.00, -17.48
193206,   3.20,   5.77,   8.24,   1.10,  -3.05,   0.27
193207,  60.28,  42.70,  21.43,  72.72,  41.60,  23.68
193208,  92.21,  68.41,  41.06,  76.19,  45.03,  22.80
193209, -10.77,  -6.12,  -7.76,  -5.28,  -1.40,  -3.42
193210, -15.97, -16.89, -17.65, -20.32, -11.01, -10.06
193211,  -6.55,  -9.34,  -8.88,  -9.11,  -3.50, -10.91
193212, -11.86,  -8.00,  -1.94,   4.82,   4.46,   5.42
193301,   4.16,   7.69,   2.38,   1.56,   1.49,   0.35
193302, -17.65, -19.59, -15.79, -20.58, -16.22, -14.11
193303,   9.61,  10.56,  14.42,   5.66,   1.30,   5.28
193304,  57.46,  46.25,  49.27,  53.11,  44.00,  29.40
193305,  74.45,  69.91,  67.71,  20.69,  20.40,  19.62
193306,  21.77,  22.29,  21.41,  10.41,  11.45,  17.53
193307, -10.74, -12.60, -10.50,  -8.77, -10.77,  -8.23
193308,   9.02,  11.14,  10.24,   7.08,  16.70,  20.96
193309, -18.69, -15.31, -15.39, -11.54,  -8.41, -11.54
193310, -10.41, -12.88, -13.66,  -7.62,  -8.50,  -9.16
193311,   1.40,   7.13,   6.49,   7.90,   9.80,  15.66
193312,  -0.11,   4.14,   1.34,   0.10,   0.77,   6.78
193401,  38.08,  33.66,  36.12,  14.55,  11.01,   9.77
193402,   2.44,   1.13,   2.51,  -2.37,  -2.54,  -3.14
193403,   2.64,  -0.06,   0.88,  -0.03,  -0.06,   0.35
193404,   2.67,   0.48,  -1.95,  -0.20,  -2.96,  -5.83
193405,  -9.98, -11.29, -12.43,  -5.88,  -8.31,  -8.83
193406,  -1.59,   0.09,  -1.56,   3.53,   2.90,   1.69
193407, -23.61, -24.73, -18.05, -19.39, -10.57,  -7.70
193408,  10.61,  12.03,  14.00,   4.19,   5.46,   5.62
193409,  -2.25,  -1.81,  -1.09,   1.54,  -1.00,   0.44
193410,  -6.75,  -1.32,   2.50,  -5.19,  -1.59,  -0.35
193411,  11.66,  15.28,  16.75,   6.07,   8.19,   9.25
193412,   0.24,   1.14,   5.97,  -2.32,   0.38,   1.27
193501,  -4.94,  -3.68,  -3.77,  -7.22,  -3.19,  -1.18
193502, -14.85,  -4.90,  -1.30, -11.13,  -3.16,   3.01
193503, -12.04,  -9.21,  -7.26,  -4.44,  -3.32,  -3.50
193504,  15.42,   8.98,   9.96,  11.43,   9.96,   7.46
193505,   2.67,   2.55,   1.81,   9.40,   3.91,   3.02
193506,   0.20,   4.72,   7.20,   8.89,   6.00,   6.01
193507,  13.65,  11.98,  12.49,  13.65,   8.06,   6.38
193508,  14.21,   6.37,   5.47,   8.72,   2.26,   2.09
193509,  -0.24,   4.56,   8.81,  -4.17,   2.09,   4.65
193510,   8.96,   8.78,   9.87,   5.53,   6.05,   8.79
193511,  20.29,  11.22,  10.65,   6.20,   4.59,   4.02
193512,   3.52,   6.65,  10.21,   4.54,   3.73,   5.36
193601,  17.89,  11.71,  12.08,   7.19,   6.81,   6.27
193602,   3.80,   7.24,   7.46,   0.90,   2.84,   2.25
193603,   0.63,   0.71,   2.52,  -0.54,   1.65,   1.15
193604,  -7.66, -14.38, -17.04,  -4.73,  -8.39, -11.12
193605,   3.92,   5.15,   7.08,   4.26,   5.54,   5.99
193606,  -0.51,  -0.25,  -1.12,   2.38,   2.23,   3.91
193607,   8.75,   8.32,   9.92,   2.53,   8.40,   7.36
193608,   1.36,   1.97,   2.49,   0.33,   1.48,   0.32
193609,   2.73,   4.14,   4.30,   0.97,   0.53,   1.93
193610,   6.41,   7.19,   4.95,   5.24,   7.45,   8.77
193611,   7.71,  11.25,  12.16,   3.56,   2.49,   3.47
193612,   2.81,   5.22,   4.29,  -0.97,  -0.51,   1.78
193701,  11.17,   9.32,   7.12,   3.38,   2.81,   3.72
193702,   2.99,   3.72,   4.64,  -0.16,  -0.07,   4.15
193703,  -1.75,  -0.89,  -0.08,  -1.42,  -0.95,   2.52
193704,  -9.65,  -9.69, -12.40,  -6.80,  -5.55, -11.48
193705,  -3.40,  -1.39,  -2.26,  -0.27,  -0.99,  -0.40
193706,  -9.85,  -7.20,  -9.38,  -3.93,  -4.39,  -3.04
193707,  12.17,   9.04,  10.83,   9.46,   7.94,  10.00
193708,  -4.33,  -4.01,  -6.13,  -4.57,  -4.05,  -6.34
193709, -20.23, -19.75, -26.28, -10.68, -11.30, -18.92
193710, -10.29, -10.16, -10.96,  -8.74,  -8.83, -11.19
193711, -12.81, -11.02, -11.08,  -3.97,  -9.20,  -7.63
193712, -14.52, -12.01, -10.24,  -6.98,  -6.28,  -1.85
193801,   7.21,   4.33,   3.95,  -0.82,   2.15,  -0.42
193802,   7.98,   8.07,   4.10,   7.47,   7.17,   5.20
193803, -36.99, -29.93, -22.61, -38.21, -28.91, -21.10
193804,  27.54,  21.63,  18.10,  21.37,  17.03,  13.06
193805, -10.17,  -8.11,  -3.00,  -9.46,  -6.94,  -2.36
193806,  40.64,  36.89,  16.30,  43.79,  35.13,  18.42
193807,  16.74,  14.05,  10.11,  11.13,  11.43,   4.87
193808,  -8.88,  -6.56,  -3.17,  -4.70,  -2.03,  -2.50
193809,  -3.16,  -2.41,  -0.79,  -1.48,   1.00,   1.22
193810,  19.36,  15.63,  13.49,  16.30,   6.74,   6.77
193811,  -5.77,  -4.32,  -3.15,  -4.91,  -1.65,  -1.28
193812,   0.46,   3.72,   5.83,   5.33,   4.01,   4.05
193901,  -6.40,  -9.36,  -9.44,  -4.11,  -6.35,  -7.18
193902,   3.13,   4.01,   6.66,   2.15,   2.88,   5.13
193903, -17.89, -19.49, -20.32, -12.97, -10.40, -13.51
193904,  -1.89,   0.30,   2.55,  -0.37,  -0.46,   0.59
193905,   8.15,   9.61,  11.73,   4.10,   6.13,   7.63
193906, -10.24,  -8.98,  -8.09,  -6.51,  -5.20,  -4.74
193907,  14.29,  15.78,  16.10,  12.57,  10.09,   9.60
193908, -13.92, -11.95,  -8.96, -12.07,  -7.43,  -5.34
193909,  61.08,  40.41,  25.74,  34.06,  21.38,   8.69
193910,  -4.80,  -0.17,   2.43,  -3.94,  -1.98,   1.75
193911,  -7.38,  -9.95,  -9.31,  -4.72,  -3.22,  -3.23
193912,  -0.65,   2.08,   5.79,  -0.22,   3.20,   4.15
194001,  -3.05,  -2.16,  -1.71,  -2.91,  -3.74,  -0.76
194002,   3.31,   3.72,   4.43,  -0.65,   1.31,   1.84
194003,   2.19,   3.72,   2.45,   3.01,   1.86,   2.02
194004,   0.87,   1.12,   4.41,  -1.64,   0.08,   1.48
194005, -29.05, -28.79, -27.33, -26.26, -20.43, -22.26
194006,   7.56,   6.01,   6.87,   6.49,   7.57,   2.88
194007,   2.91,   3.59,   5.26,   4.04,   2.78,   3.38
194008,   2.43,   2.55,   2.88,   4.46,   2.68,   0.80
194009,   5.11,   4.27,   4.61,   2.42,   2.26,   2.39
194010,   7.74,   4.42,   3.98,   9.84,   4.80,   0.53
194011,  -0.73,   1.43,   2.06,  -1.23,  -2.19,  -1.36
194012,  -4.64,  -1.26,   1.66,   0.54,   0.75,   1.16
194101,   2.62,  -1.88,  -3.71,  -1.75,  -4.78,  -4.85
194102,  -3.70,  -1.43,  -2.23,  -1.71,  -1.35,  -1.36
194103,   0.48,   1.69,   2.83,  -0.90,   0.74,   1.62
194104,  -7.30,  -6.83,  -4.27,  -7.88,  -5.31,  -4.85
194105,   0.58,   0.40,   2.53,  -1.08,   1.51,   1.89
194106,   6.95,   5.61,   7.36,   6.28,   5.95,   4.58
194107,  18.15,  10.99,  11.47,   5.82,   4.19,   8.99
194108,  -1.60,  -1.47,   0.09,   0.12,   0.25,  -1.23
194109,  -1.30,  -2.07,  -2.07,   0.19,  -1.00,  -2.19
194110,  -7.20,  -6.90,  -4.32,  -7.32,  -5.85,  -0.72
194111,  -4.78,  -2.64,  -1.81,  -3.70,  -2.45,   1.39
194112, -10.93,  -8.29,  -8.91,  -6.01,  -3.07,  -7.48
194201,  14.34,  11.08,  11.11,   4.07,  -0.85,   0.14
194202,  -1.28,  -0.98,  -1.44,  -1.87,  -2.29,  -3.14
194203,  -4.18,  -4.88,  -3.70,  -6.06,  -7.04,  -6.94
194204,  -4.88,  -3.66,  -4.89,  -3.58,  -4.59,  -5.15
194205,   2.72,   2.25,  -0.29,   8.15,   6.05,   1.75
194206,   3.20,   2.50,   1.47,   2.52,   3.11,   1.62
194207,   4.18,   4.65,   5.06,   2.69,   3.92,   3.35
194208,   2.44,   2.95,   2.27,   2.30,   1.62,   2.20
194209,   4.49,   3.12,   3.36,   3.21,   2.25,   3.05
194210,  14.89,   8.74,   7.86,   8.25,   6.07,   7.25
194211,  -3.16,  -0.85,  -2.03,   2.05,  -0.29,  -1.01
194212,   1.74,   3.22,   4.09,   3.02,   6.30,   6.79
194301,  18.47,  14.87,  19.37,   7.82,   6.23,   6.21
194302,  15.38,  11.64,  10.04,   4.75,   5.49,   7.18
194303,  10.88,  12.37,  15.35,   4.59,   5.08,   9.59
194304,   0.24,   2.93,   7.37,  -0.30,   0.05,   4.94
194305,   6.34,   8.00,  14.06,   4.73,   5.76,   8.23
194306,   1.57,   1.33,  -0.30,   1.69,   2.55,   0.97
194307,  -4.63,  -5.96, -11.02,  -3.98,  -5.15,  -6.78
194308,  -0.82,   0.75,   0.68,   0.77,   2.24,   0.69
194309,   2.20,   3.76,   5.01,   1.94,   2.77,   2.68
194310,   0.91,  -0.47,   0.09,  -0.71,  -1.49,  -0.94
194311,  -7.90,  -8.71, -11.31,  -4.88,  -5.52, -10.92
194312,   9.37,   9.13,  12.82,   4.68,   7.54,  13.22
194401,   4.63,   4.73,   6.04,   1.33,   1.96,   1.85
194402,   1.28,   1.73,   1.84,  -0.22,   0.97,  -0.11
194403,   3.67,   3.54,   6.29,   1.77,   2.44,   4.36
194404,  -3.64,  -2.60,  -3.24,  -1.93,  -1.47,  -1.29
194405,   6.07,   6.60,   7.62,   3.84,   5.10,   6.43
194406,  15.49,   9.19,   7.39,   7.38,   4.77,   5.05
194407,  -1.38,  -0.79,  -1.12,  -1.48,  -1.56,  -1.36
194408,   1.69,   2.82,   6.60,   0.48,   2.15,   4.95
194409,   0.21,   0.82,  -0.76,   0.21,  -0.10,  -0.97
194410,  -0.78,   0.63,  -0.20,   1.14,  -0.56,  -1.91
194411,   2.19,   2.09,   3.46,   1.33,   1.97,   2.61
194412,   8.09,   7.04,   7.93,   2.84,   4.53,   9.72
194501,   5.09,   3.75,   5.65,   1.97,   1.77,   1.49
194502,   8.37,   8.65,  11.28,   5.34,   6.39,   8.49
194503,  -3.28,  -5.87,  -7.19,  -3.07,  -4.31,  -5.72
194504,   6.34,   9.11,  11.04,   6.72,   9.14,  11.61
194505,   3.44,   3.02,   3.40,   1.85,   1.10,   2.10
194506,   3.55,   2.79,   5.61,  -0.52,  -0.09,   5.64
194507,  -3.09,  -3.47,  -4.86,  -1.59,  -1.48,  -5.06
194508,   5.83,   8.40,   5.30,   6.24,   6.91,   3.97
194509,   6.60,   7.38,   5.82,   3.94,   4.79,   7.53
194510,   7.14,   8.05,   5.87,   3.36,   3.77,   5.13
194511,   9.70,  10.26,  10.88,   3.36,   5.94,  10.68
194512,   3.24,   2.48,   2.10,   0.77,   0.78,   4.38
194601,   7.49,  11.37,  11.26,   4.57,   7.79,   8.32
194602,  -5.85,  -7.35,  -7.05,  -5.31,  -5.80,  -7.02
194603,   4.45,   5.31,   6.42,   5.32,   6.05,   8.74
194604,   2.34,   5.84,   7.22,   4.08,   4.04,   5.26
194605,   5.88,   7.43,   5.12,   3.71,   4.15,   3.24
194606,  -3.51,  -4.91,  -5.91,  -2.47,  -4.88,  -5.12
194607,  -4.73,  -4.82,  -4.47,  -2.27,  -2.62,  -2.74
194608,  -7.88,  -7.54,  -8.69,  -7.08,  -5.60,  -6.33
194609, -16.32, -13.51, -14.12, -10.43,  -8.72, -11.15
194610,  -1.40,  -1.13,  -1.03,  -2.61,  -1.13,  -1.03
194611,  -0.73,   1.10,  -0.95,  -1.38,   1.04,  -0.76
194612,   5.06,   4.11,   5.05,   5.15,   4.90,   4.96
194701,   6.32,   2.94,   2.71,   7.29,   1.99,  -1.98
194702,  -0.58,  -0.46,   0.28,   0.14,  -0.74,  -1.71
194703,  -5.40,  -2.89,  -1.42,  -4.53,  -1.77,  -0.39
194704, -11.63,  -8.08,  -6.20,  -8.65,  -4.02,  -3.97
194705,  -6.34,  -4.20,  -3.03,  -3.76,  -0.45,  -0.40
194706,   5.58,   6.11,   2.84,   5.86,   6.21,   4.90
194707,   7.04,   5.82,   5.54,   8.38,   5.79,   3.03
194708,  -2.82,  -1.09,   0.62,  -4.70,  -1.94,  -1.38
194709,   0.53,   1.19,   1.78,   0.44,  -0.23,  -0.85
194710,   3.16,   2.77,   4.41,   1.44,   2.33,   2.86
194711,  -6.01,  -3.01,  -1.45,  -4.62,  -1.90,  -0.73
194712,  -0.10,   1.31,   3.90,   0.90,   3.04,   4.10
194801,   1.02,  -1.81,  -3.25,  -1.23,  -3.55,  -5.54
194802,  -7.32,  -5.60,  -6.78,  -6.15,  -4.21,  -3.75
194803,   9.02,   8.18,   9.53,  10.42,   6.57,   9.53
194804,   1.93,   2.49,   4.98,   1.26,   2.12,   6.33
194805,   8.99,   9.25,   9.84,   4.65,   7.58,   8.56
194806,  -3.35,  -2.04,   2.32,  -0.97,   0.20,   1.34
194807,  -5.20,  -4.70,  -6.05,  -3.48,  -5.49,  -5.79
194808,  -1.58,  -0.26,  -0.06,   1.25,   0.29,   0.18
194809,  -4.50,  -3.60,  -5.41,  -2.49,  -2.31,  -4.10
194810,   3.06,   4.89,   6.72,   5.32,   5.75,   7.23
194811, -12.69,  -8.68, -11.16, -10.47,  -7.87, -10.82
194812,  -1.53,  -0.18,   3.73,   0.60,   3.19,   4.65
194901,   3.55,   1.66,   1.38,   2.52,   1.04,  -1.15
194902,  -5.06,  -4.64,  -5.53,  -3.06,  -1.84,  -3.42
194903,   7.70,   5.32,   6.78,   5.11,   3.45,   4.30
194904,  -4.56,  -3.11,  -1.56,  -4.40,  -1.82,  -1.28
194905,  -7.18,  -4.28,  -3.38,  -4.30,  -3.00,  -2.03
194906,  -0.46,  -1.61,  -1.67,   1.71,   0.01,   0.37
194907,   6.73,   6.60,   6.06,   7.15,   6.27,   4.75
194908,   1.34,   3.45,   4.14,   2.33,   2.54,   2.93
194909,   5.50,   3.41,   4.94,   5.51,   2.52,   3.24
194910,   4.36,   4.03,   3.61,   2.66,   3.09,   3.41
194911,  -0.30,   1.20,   1.07,   1.78,   1.25,   2.94
194912,   8.77,   7.08,   7.60,   6.54,   4.05,   6.14
195001,   6.98,   4.06,   3.74,   3.30,   0.99,   1.89
195002,   2.04,   0.40,   2.01,  -0.07,   1.30,   2.69
195003,  -2.14,  -1.10,   0.57,   1.75,   1.02,   2.11
195004,   7.15,   4.89,   4.34,   2.82,   3.07,   6.29
195005,   2.67,   3.17,   2.92,   4.76,   3.94,   5.27
195006,  -6.75,  -7.44,  -9.20,  -5.13,  -5.83,  -6.00
195007,   5.43,   6.65,   6.25,   1.25,   2.70,  -0.51
195008,   5.29,   4.16,   7.24,   2.74,   4.15,   7.20
195009,   5.80,   4.72,   5.41,   5.18,   4.42,   5.32
195010,  -0.78,   0.11,   0.43,  -0.87,  -0.17,   0.76
195011,   1.46,   2.45,   4.79,  -0.39,   4.52,   3.45
195012,   6.21,   8.23,  11.78,   2.38,   6.35,   6.75
195101,   7.99,   7.70,  10.03,   4.56,   5.51,   6.52
195102,   1.90,   1.23,   1.22,   2.70,   1.88,   0.23
195103,  -1.70,  -3.19,  -5.42,  -1.12,  -1.48,  -3.30
195104,   1.56,   4.06,   5.66,   0.87,   5.54,   8.79
195105,  -3.23,  -2.47,  -3.46,  -0.73,  -2.90,  -2.36
195106,  -3.72,  -5.06,  -7.53,  -1.24,  -3.00,  -2.21
195107,   2.73,   4.84,   9.57,   4.10,   6.21,  11.73
195108,   5.01,   5.13,   6.53,   3.58,   4.98,   4.07
195109,   2.20,   2.54,   3.14,   0.03,   1.65,   0.20
195110,  -2.41,  -2.12,  -2.86,  -1.81,  -2.91,  -1.99
195111,  -0.17,   0.48,   1.21,   0.68,   0.87,   0.55
195112,   0.62,   0.69,   1.30,   2.05,   3.35,   4.76
195201,   1.27,   1.78,   2.23,   1.57,   0.22,   3.34
195202,  -1.83,  -1.38,  -3.01,  -3.04,  -1.67,  -3.35
195203,   2.03,   2.31,   3.08,   3.80,   3.69,   6.05
195204,  -4.29,  -3.60,  -5.64,  -3.84,  -3.42,  -6.56
195205,   1.46,   2.14,   2.71,   3.80,   3.08,   3.52
195206,   1.84,   3.26,   3.28,   2.98,   3.90,   4.54
195207,   0.70,   1.22,   0.85,   1.87,   1.19,   0.69
195208,   0.23,   0.06,   0.79,  -0.86,  -0.47,  -0.81
195209,  -2.48,  -0.71,  -0.67,  -3.32,  -1.74,  -1.61
195210,  -2.94,  -1.67,   0.60,  -1.89,  -0.50,   0.08
195211,   5.77,   5.63,   6.05,   6.17,   5.61,   6.77
195212,   1.38,   2.14,   2.70,   2.12,   2.74,   3.83
195301,   3.58,   3.65,   3.97,  -1.48,  -0.13,  -0.44
195302,   1.37,   1.64,   2.76,  -0.41,  -0.36,  -0.08
195303,  -2.25,  -1.38,  -1.37,  -1.15,  -0.78,  -1.88
195304,  -2.56,  -1.96,  -1.84,  -4.57,  -2.27,  -1.58
195305,  -0.25,   0.78,   1.27,   0.79,   0.37,   1.14
195306,  -4.35,  -3.35,  -2.98,  -0.94,  -1.58,  -2.33
195307,   1.41,   1.48,   1.27,   3.05,   2.32,   2.57
195308,  -7.42,  -4.72,  -4.24,  -5.36,  -3.77,  -4.12
195309,  -2.95,  -1.11,  -0.34,  -1.02,   0.15,   2.13
195310,   3.33,   3.55,   4.16,   4.79,   4.93,   4.51
195311,   1.35,   1.03,   2.35,   1.36,   2.71,   4.27
195312,  -5.36,  -1.27,   1.10,  -2.70,   0.40,   1.22
195401,   9.97,   7.12,   3.67,   9.15,   4.95,   3.97
195402,   0.57,   1.06,   1.73,   1.26,   1.54,   2.15
195403,   1.96,   2.19,   4.11,   2.83,   2.66,   5.07
195404,  -1.43,   2.02,   1.91,  -0.26,   3.76,   6.36
195405,   5.83,   3.43,   5.54,   5.64,   3.93,   1.96
195406,  -0.27,   1.88,   2.60,  -2.35,   0.81,   1.82
195407,   7.57,   6.97,   8.51,   4.15,   6.06,   4.08
195408,  -0.10,   0.00,  -0.15,  -2.12,  -1.41,  -3.36
195409,   3.88,   4.02,   4.69,   6.09,   5.21,   8.34
195410,  -1.02,  -0.50,  -0.08,  -1.54,  -2.55,  -0.56
195411,   9.64,   8.34,   9.11,   6.50,   9.11,  10.89
195412,  12.03,   9.37,   8.44,   5.04,   5.00,   5.82
195501,   0.73,   1.99,   2.12,   0.09,   0.21,   1.42
195502,   3.44,   4.71,   5.46,   3.21,   2.51,   3.36
195503,   0.13,  -0.28,   0.62,  -0.37,  -0.53,   1.19
195504,   1.50,   2.52,   1.50,   2.31,   4.07,   2.48
195505,   0.58,   0.58,   0.71,   0.50,   1.44,   1.49
195506,   1.35,   3.35,   4.20,   3.63,   7.45,  10.10
195507,   0.63,   1.16,   0.28,   0.94,   4.59,  -1.16
195508,  -0.60,   0.28,   1.29,  -0.42,   0.15,   1.26
195509,  -0.27,  -1.28,   0.82,  -1.10,  -1.46,   1.34
195510,  -2.09,  -0.57,  -0.91,  -1.66,  -1.81,  -3.83
195511,   5.65,   4.82,   6.59,   4.38,   7.01,   8.79
195512,   3.82,   1.02,   3.18,   3.15,   1.41,   1.14
195601,  -1.91,  -1.62,  -2.01,  -1.36,  -1.60,  -4.21
195602,   2.25,   2.68,   4.33,   2.69,   3.65,   4.54
195603,   2.47,   4.86,   6.15,   4.61,   5.81,   8.12
195604,  -0.51,  -0.10,   1.74,  -1.49,  -0.38,   1.40
195605,  -3.72,  -3.78,  -4.06,  -3.22,  -3.68,  -6.10
195606,   0.46,   1.09,   3.24,   2.43,   2.44,   5.09
195607,   2.34,   2.76,   4.85,   3.21,   5.22,   5.73
195608,  -1.60,  -0.58,  -0.96,  -2.68,  -1.42,  -4.70
195609,  -3.16,  -2.33,  -2.72,  -4.59,  -3.58,  -6.56
195610,  -1.48,   1.13,   2.49,   0.51,   0.25,   1.46
195611,   0.49,   0.56,   2.15,  -2.52,  -0.05,   2.64
195612,   0.11,   1.44,   5.65,   2.70,   2.96,   4.77
195701,   3.55,   0.41,  -0.17,  -2.63,  -2.71,  -5.01
195702,  -3.49,  -1.90,  -2.54,  -2.31,  -0.93,  -2.64
195703,   2.56,   2.67,   1.58,   1.68,   2.87,   2.29
195704,   1.51,   0.94,   2.20,   4.34,   4.47,   5.56
195705,   1.80,   1.56,   1.18,   3.45,   3.52,   4.95
195706,  -1.41,  -0.42,  -0.78,  -0.60,  -0.95,   0.31
195707,  -0.02,   0.77,  -0.06,   0.77,   1.37,   0.67
195708,  -5.80,  -3.46,  -5.24,  -6.20,  -3.42,  -5.79
195709,  -6.53,  -4.80,  -4.51,  -5.90,  -4.81,  -6.69
195710,  -8.72,  -6.00,  -7.58,  -6.05,  -3.58,  -3.31
195711,   0.64,   0.95,   2.94,   3.43,   1.42,   3.63
195712,  -9.35,  -4.52,  -1.67,  -9.46,  -3.70,  -1.56
195801,  16.40,  10.34,   7.18,   8.91,   4.74,   2.86
195802,  -3.56,  -0.12,   1.39,  -3.11,  -2.07,  -0.55
195803,   5.29,   2.76,   4.91,   6.52,   2.66,   3.21
195804,   1.96,   1.95,   4.39,   1.57,   3.85,   2.83
195805,   5.35,   3.97,   3.62,   3.93,   2.01,   2.02
195806,   3.31,   2.82,   2.60,   3.92,   2.72,   2.88
195807,   8.17,   5.76,   3.26,   4.40,   5.37,   2.08
195808,   2.51,   3.57,   4.65,   2.49,   1.98,   0.91
195809,   6.54,   5.48,   4.87,   5.07,   4.79,   4.49
195810,   2.65,   2.41,   5.13,   1.48,   2.33,   5.23
195811,   3.74,   5.04,   4.74,   2.35,   3.11,   4.50
195812,   4.40,   3.08,   3.14,   5.63,   5.24,   5.59
195901,   4.59,   6.57,   4.33,   0.81,   0.64,   0.60
195902,   2.08,   2.94,   4.30,  -1.10,   1.03,   3.48
195903,   1.01,   2.27,   1.81,   0.88,   0.24,   0.33
195904,   1.43,   1.60,   4.11,   2.45,   4.20,   6.08
195905,   0.75,   1.07,   0.29,   0.85,   2.09,   4.32
195906,  -0.83,   0.56,   1.54,  -1.22,  -0.33,   2.23
195907,   2.48,   2.32,   3.97,   3.81,   4.22,   1.70
195908,  -0.90,  -1.43,  -2.78,  -2.23,   0.07,  -2.26
195909,  -4.84,  -3.50,  -4.72,  -5.81,  -4.05,  -4.23
195910,   1.01,   1.42,   4.70,   0.37,   0.60,   3.63
195911,   0.83,   1.87,   2.83,   0.37,   1.81,   2.89
195912,   0.95,   2.73,   3.39,   2.98,   3.14,   2.52
196001,  -1.46,  -2.13,  -6.00,  -5.53,  -6.74,  -7.98
196002,  -0.29,   1.03,   2.30,  -2.18,   1.87,   2.94
196003,  -4.15,  -3.07,  -2.08,  -1.37,  -1.48,  -0.58
196004,  -4.18,  -2.29,  -1.16,  -2.62,  -2.42,  -0.02
196005,   0.82,   2.04,   4.20,  -0.20,   2.13,   6.05
196006,   1.46,   1.27,   2.33,   1.90,   2.14,   2.75
196007,  -2.44,  -0.95,  -2.32,  -0.82,  -2.64,  -2.49
196008,   3.77,   2.88,   6.08,   2.33,   2.85,   3.86
196009,  -8.06,  -5.66,  -5.22,  -4.42,  -5.70,  -6.64
196010,  -4.71,  -2.16,  -3.15,  -1.09,   0.22,  -0.14
196011,   3.24,   3.90,   7.47,   3.23,   3.86,   6.49
196012,   2.99,   3.45,   3.19,   4.25,   3.38,   6.82
196101,  12.20,   8.04,   5.92,   6.88,   7.09,   5.19
196102,   6.66,   6.43,   8.56,   4.01,   2.67,   4.08
196103,   3.56,   5.51,   9.80,   1.33,   1.99,   4.10
196104,   0.04,   0.40,   2.96,  -2.98,   1.00,   1.14
196105,   5.73,   4.13,   3.98,   3.10,   2.85,   1.73
196106,  -5.99,  -3.98,  -5.06,  -2.62,  -2.73,  -2.81
196107,   1.28,   1.08,   0.61,   2.47,   3.19,   3.63
196108,   0.59,   1.34,   2.00,   1.86,   2.42,   3.75
196109,  -4.59,  -3.04,  -2.34,  -1.43,  -1.93,  -2.02
196110,  -0.53,   2.55,   3.30,   1.78,   2.31,   4.22
196111,   4.59,   4.45,   6.49,   3.63,   5.31,   4.42
196112,   0.82,  -0.06,  -0.50,   0.55,   1.57,  -2.60
196201,   0.97,   1.08,  -2.02,  -3.67,  -3.09,  -4.83
196202,   1.93,   1.65,  -0.07,   0.75,   3.47,   0.71
196203,  -2.20,  -0.82,   0.35,  -1.21,  -0.40,  -0.12
196204,  -9.08,  -5.88,  -6.94,  -8.69,  -6.53,  -5.05
196205, -10.85,  -8.72, -10.64,  -8.60,  -8.39,  -8.04
196206, -12.20,  -6.80,  -6.01, -12.80,  -8.81,  -6.10
196207,   7.18,   6.62,   6.07,   4.55,   6.72,   6.76
196208,   4.25,   3.20,   2.50,   2.46,   1.58,   3.04
196209,  -9.15,  -6.06,  -5.21,  -7.00,  -5.64,  -3.04
196210,  -4.06,  -2.73,  -3.29,  -0.18,   1.20,   0.54
196211,  18.54,  14.13,  11.31,  16.02,  10.21,   8.90
196212,  -5.61,  -2.16,   1.02,  -1.53,   1.12,   3.59
196301,  10.47,   7.88,   8.22,   6.30,   4.82,   4.36
196302,  -2.91,  -0.83,   0.59,  -3.47,  -2.22,  -1.93
196303,   0.63,   1.84,   2.64,   3.42,   2.53,   4.52
196304,   2.91,   4.03,   4.06,   6.02,   4.54,   4.71
196305,   4.02,   3.31,   4.46,   2.34,   1.24,   2.65
196306,  -1.06,  -2.23,  -0.99,  -3.00,  -2.45,  -0.74
196307,  -1.38,  -1.10,  -1.07,  -1.52,   0.04,   0.16
196308,   3.94,   3.80,   6.27,   5.89,   5.09,   5.62
196309,  -1.85,  -0.88,  -1.32,  -2.45,  -0.19,  -2.65
196310,   1.00,   1.40,   3.53,   0.81,   2.24,   4.57
196311,  -2.25,  -0.96,  -1.40,  -0.33,   0.53,  -2.69
196312,  -1.60,   0.90,   0.21,   0.94,   2.44,   2.53
196401,   2.49,   3.18,   1.94,   0.27,   2.87,   2.95
196402,   2.89,   2.31,   2.92,   1.26,   1.94,   1.71
196403,   2.70,   3.82,   3.78,   1.40,   1.51,   1.75
196404,  -0.23,  -0.65,  -0.46,   1.15,   0.63,   0.19
196405,   0.11,   1.22,   2.31,   0.24,   1.05,   3.13
196406,   0.93,   1.41,   1.44,   1.35,   1.45,   1.74
196407,   2.56,   2.71,   2.46,   2.78,   1.74,   2.12
196408,  -1.32,  -0.47,  -0.79,  -0.36,  -1.23,  -1.28
196409,   4.25,   2.55,   3.68,   3.74,   2.30,   3.52
196410,   0.63,   2.13,   1.82,   1.67,   0.65,   0.63
196411,  -1.17,   0.85,  -0.17,   0.03,  -0.15,   1.19
196412,  -1.26,  -0.28,  -1.21,   1.45,   0.18,   0.02
196501,   7.52,   6.34,   6.05,   3.72,   4.05,   2.64
196502,   2.82,   3.44,   4.30,   1.49,  -0.23,   0.60
196503,   1.64,   0.30,   1.29,  -1.11,  -1.52,  -0.56
196504,   3.51,   4.11,   5.37,   2.46,   2.36,   5.69
196505,  -1.47,  -0.77,  -0.60,  -0.09,  -0.82,   0.13
196506,  -8.15,  -7.94, -10.27,  -3.53,  -5.18,  -7.65
196507,   1.65,   2.97,   4.91,   0.22,   1.74,   5.16
196508,   4.80,   4.06,   6.85,   2.20,   2.26,   5.30
196509,   1.96,   3.18,   5.17,   2.10,   2.82,   5.63
196510,   4.59,   5.92,   7.37,   1.38,   2.63,   5.50
196511,   1.37,   5.00,   6.38,  -0.50,  -1.44,   3.33
196512,   4.66,   4.26,   4.18,   1.11,   0.66,   1.77
196601,   4.26,   5.10,   8.11,  -1.41,   0.61,   5.56
196602,   1.69,   1.76,   5.32,  -2.48,  -1.63,   3.05
196603,  -1.83,  -2.38,  -2.09,  -2.86,  -2.27,   0.07
196604,   0.20,   4.01,   8.62,   0.75,   2.42,   4.70
196605,  -6.45,  -7.64, -12.07,  -3.81,  -4.48,  -7.56
196606,  -1.69,  -0.45,   1.07,  -1.86,  -1.95,   1.94
196607,  -0.77,  -1.07,  -2.52,  -0.56,  -1.98,  -1.58
196608,  -9.71,  -9.74, -11.44,  -6.45,  -7.28,  -8.93
196609,  -1.25,  -1.35,  -1.75,   0.01,   0.21,  -2.95
196610,  -0.63,   0.59,  -3.71,   6.44,   6.26,  -0.74
196611,   4.26,   3.14,   7.20,  -2.00,   0.75,   6.52
196612,   1.33,   1.45,   3.24,   0.14,   0.51,   0.38
196701,  22.06,  15.46,  14.61,  12.99,   6.11,   6.93
196702,   2.22,   3.38,   5.62,  -1.58,   0.46,   2.14
196703,   5.53,   6.07,   7.81,   3.72,   4.39,   4.29
196704,   2.86,   3.30,   5.80,   6.68,   1.96,   5.02
196705,  -1.32,  -1.08,  -1.33,  -5.12,  -4.02,  -3.77
196706,   5.21,   6.97,  12.82,   0.55,   1.16,   5.00
196707,   9.18,   7.91,   8.78,   6.90,   3.09,   5.17
196708,   1.29,   1.18,  -1.07,  -0.73,  -0.34,  -1.19
196709,   3.69,   5.97,   7.14,   3.08,   2.42,   4.72
196710,  -3.37,  -2.96,  -1.70,  -3.98,  -3.50,   1.68
196711,  -0.21,   0.27,   0.89,   0.52,   0.33,   2.00
196712,   5.45,   7.71,  11.46,   2.61,   2.65,   3.07
196801,   2.90,   2.23,  -0.08,  -1.22,  -5.37,  -7.53
196802,  -3.44,  -4.27,  -7.58,  -2.53,  -2.31,  -5.21
196803,  -1.52,  -1.31,  -0.57,  -0.60,   0.44,   4.82
196804,  12.77,  12.30,  17.23,   7.08,   8.43,  12.91
196805,   7.72,   6.86,  11.03,   0.80,   1.62,   4.96
196806,   1.10,   2.30,   0.43,   2.86,   0.67,  -0.30
196807,  -3.87,  -2.64,  -3.19,  -1.72,  -1.57,  -4.08
196808,   2.07,   3.46,   5.31,   1.32,   1.59,   1.84
196809,   7.16,   5.35,   7.76,   5.49,   3.41,   3.56
196810,   0.83,   1.87,   0.01,   2.36,   0.37,   0.14
196811,   7.88,   7.90,   8.24,   5.35,   5.13,   8.45
196812,  -0.56,   1.16,  -0.65,  -4.51,  -3.60,  -4.20
196901,  -0.70,  -0.69,  -0.81,  -1.32,  -0.10,  -1.52
196902,  -9.09,  -7.58,  -9.72,  -3.16,  -5.68,  -7.44
196903,  -0.74,   1.18,   4.85,   2.30,   4.09,   4.61
196904,  -0.53,  -0.36,   1.28,   2.64,   1.69,   3.17
196905,  -0.86,  -0.40,   0.39,  -0.93,   0.98,   1.17
196906, -12.60, -11.15, -12.31,  -2.97,  -5.96,  -7.71
196907, -12.42,  -7.41,  -9.79,  -6.95,  -5.40,  -6.31
196908,   5.81,   4.11,   8.22,   4.12,   4.40,   5.98
196909,  -2.88,  -1.57,  -0.43,  -4.60,  -2.78,  -1.99
196910,  11.23,   7.10,   6.96,   8.95,   5.19,   4.58
196911,  -7.41,  -5.52,  -3.56,  -4.93,  -4.51,  -1.58
196912,  -9.08,  -5.71,  -4.09,  -5.06,  -2.80,   0.06
197001,  -4.20,  -4.81,  -6.44, -10.16,  -9.04,  -6.67
197002,   3.42,   3.50,   4.47,   6.30,   6.46,   5.51
197003,  -2.73,  -1.44,  -3.35,  -1.52,   2.33,  -1.47
197004, -18.62, -12.70, -18.93,  -9.02,  -9.29, -10.17
197005, -10.25,  -9.72, -10.24,  -1.71,  -5.44,  -7.19
197006, -11.58,  -7.08,  -3.89,  -8.12,  -5.10,  -4.25
197007,   6.89,   7.44,   5.97,  11.24,   8.42,   6.27
197008,  10.17,   5.63,   3.56,   9.82,   5.55,   3.44
197009,  19.05,   9.14,   8.21,   9.28,   4.77,   2.27
197010, -11.65,  -2.56,  -0.02,  -8.17,  -1.21,  -0.58
197011,  -0.56,   2.31,   3.65,   4.40,   5.06,   5.98
197012,   9.27,   9.89,   8.12,   7.63,   7.26,   4.39
197101,  15.17,  10.18,   9.04,  10.26,   5.20,   2.96
197102,   4.59,   2.98,   4.49,   0.44,   1.01,   2.17
197103,   5.91,   6.40,   6.06,   6.58,   3.84,   4.01
197104,   2.28,   2.83,   3.82,   4.22,   2.53,   5.32
197105,  -6.38,  -4.91,  -4.56,  -3.40,  -3.67,  -3.44
197106,  -3.42,  -2.48,   0.89,   0.42,   0.15,   1.55
197107,  -4.86,  -4.56,  -6.04,  -2.92,  -3.60,  -6.47
197108,   2.83,   4.08,   6.64,   2.54,   4.34,   5.75
197109,  -2.39,  -1.14,   0.80,  -1.45,  -0.01,  -0.46
197110,  -7.71,  -5.47,  -5.32,  -3.38,  -3.40,  -4.86
197111,  -4.24,  -2.97,  -1.88,  -0.26,   0.48,   0.33
197112,  13.80,  12.36,  12.62,   9.33,   8.13,   9.17
197201,  10.77,   7.22,   8.98,   0.05,   2.76,   2.33
197202,   2.40,   3.70,   4.38,   1.33,   2.05,   4.75
197203,  -0.93,   0.55,   1.20,  -1.52,   0.75,   2.17
197204,  -1.35,   0.47,   2.43,  -0.48,   0.13,   1.53
197205,  -4.06,  -2.20,  -1.16,   0.39,   0.95,   3.86
197206,  -4.49,  -3.00,  -3.52,  -3.83,  -2.12,  -0.98
197207,  -4.34,  -2.34,  -3.42,  -3.21,  -0.72,   1.36
197208,   2.79,   1.49,  -0.07,   8.57,   5.62,   0.74
197209,  -3.69,  -2.62,  -2.73,  -2.38,  -0.80,   0.16
197210,  -2.21,  -0.59,  -0.88,   0.46,   1.74,   0.65
197211,   7.04,   5.25,   4.62,   9.75,   7.02,   1.89
197212,  -3.75,  -1.44,   0.79,  -2.33,   0.06,   3.10
197301,  -6.24,  -3.96,  -5.56,  -8.18,  -2.52,  -1.43
197302,  -8.39,  -7.03,  -9.82,  -9.20,  -3.63,  -3.53
197303,  -4.64,  -2.92,  -0.29,  -2.38,  -2.42,   0.52
197304, -10.54,  -6.41,  -4.75, -10.68,  -5.20,  -3.66
197305, -10.98,  -8.34,  -5.37,  -9.21,  -2.99,  -0.64
197306,  -5.32,  -3.14,  -1.83,  -4.85,  -2.76,   0.30
197307,  17.88,  11.59,   7.15,  15.28,   8.74,   2.63
197308,  -7.11,  -3.62,  -2.43,  -5.06,  -3.12,  -2.89
197309,  11.73,   9.73,   9.24,  14.28,   8.54,   2.71
197310,  -3.84,   1.29,   3.20,  -5.17,  -1.56,   1.29
197311, -22.37, -17.42, -16.37, -20.80, -12.21,  -9.53
197312,  -7.35,  -2.47,   4.89,  -4.81,  -0.42,   3.74
197401,  15.85,  10.20,   7.02,   6.15,   2.22,  -2.66
197402,  -0.31,   0.42,   0.09,   0.85,  -0.92,   0.72
197403,   0.93,   0.22,  -1.01,  -3.74,  -1.41,  -3.78
197404,  -7.50,  -5.36,  -4.92,  -5.94,  -3.89,  -4.53
197405,  -9.33,  -7.07,  -7.53,  -3.84,  -1.33,  -6.17
197406,  -5.02,  -3.07,  -1.63,  -3.04,  -1.74,  -1.68
197407,  -6.23,  -4.40,  -4.18,  -8.93,  -8.34,  -4.96
197408,  -9.79,  -8.13,  -6.25, -10.42,  -9.09,  -7.95
197409, -10.39,  -7.11,  -7.71, -13.36, -12.96,  -7.38
197410,   8.90,   8.47,  10.61,  21.03,  15.42,  18.31
197411,  -6.15,  -5.60,  -3.02,  -4.12,  -4.53,  -2.89
197412,  -7.66,  -6.47,  -5.58,  -4.66,  -2.45,  -0.84
197501,  35.90,  26.93,  19.81,  21.59,  11.18,   9.91
197502,   4.23,   4.98,   4.66,   6.70,   6.97,   5.17
197503,   8.98,   5.20,   6.48,   4.24,   1.69,   2.76
197504,   2.18,   3.22,   6.73,   6.14,   4.47,   4.27
197505,   7.18,   6.78,   8.12,   6.14,   5.83,   4.25
197506,   7.07,   6.84,   6.57,   5.20,   4.81,   5.82
197507,  -1.60,  -2.62,  -3.25,  -7.85,  -6.00,  -5.35
197508,  -5.20,  -4.60,  -5.35,  -2.27,  -1.90,  -2.38
197509,  -3.80,  -3.39,  -3.81,  -4.59,  -2.78,  -3.94
197510,   0.93,   2.92,   2.85,   7.78,   5.75,   5.58
197511,   1.29,   2.55,   2.56,   4.37,   2.65,   2.20
197512,   0.18,  -0.92,  -1.44,  -2.25,  -0.74,  -0.87
197601,  16.04,  18.91,  20.81,  10.03,  12.77,  14.17
197602,   9.64,   8.03,   8.76,  -0.59,  -0.67,   1.01
197603,   0.30,   1.76,   2.28,   3.06,   3.18,   1.45
197604,  -0.79,  -0.58,  -1.75,  -2.49,  -0.03,  -0.53
197605,  -0.79,  -1.31,  -3.17,  -1.49,  -0.24,  -1.31
197606,   3.46,   2.85,   4.26,   5.12,   4.78,   3.46
197607,  -0.26,   0.96,   0.17,  -1.27,   0.18,  -1.92
197608,  -2.18,  -1.15,  -2.30,   0.52,   0.51,  -1.07
197609,   2.58,   3.08,   2.64,   1.79,   2.90,   2.21
197610,  -2.02,  -1.12,  -2.29,  -2.48,  -1.46,  -3.16
197611,   2.93,   3.40,   4.46,  -1.69,   1.25,   2.58
197612,  10.63,   9.16,   9.55,   4.78,   5.74,   7.40
197701,   0.35,   2.47,   2.92,  -7.33,  -2.89,  -1.94
197702,  -1.53,  -0.38,   0.26,  -1.61,  -1.45,  -2.71
197703,   0.66,   0.61,   0.55,  -1.74,  -1.04,  -0.67
197704,  -0.09,   1.51,   2.65,  -2.17,   0.76,   3.52
197705,  -0.98,   0.59,   0.20,  -2.83,  -0.42,   0.01
197706,   5.24,   5.69,   7.45,   4.86,   4.71,   6.19
197707,  -0.19,   0.60,   0.56,  -1.31,  -1.59,  -1.44
197708,  -0.46,  -0.94,  -0.19,   0.91,  -2.91,  -2.92
197709,  -0.07,   1.24,   1.66,  -1.29,   1.16,   1.10
197710,  -2.49,  -1.86,  -3.00,  -4.22,  -3.84,  -3.97
197711,   7.12,   6.86,   8.61,   3.56,   4.07,   6.45
197712,   0.50,   1.86,   2.41,   0.08,   0.88,   1.29
197801,  -1.83,  -1.93,  -3.25,  -6.33,  -5.46,  -6.36
197802,   1.48,   2.16,   2.93,  -2.53,  -0.90,  -0.17
197803,   6.08,   5.34,   7.08,   3.59,   2.07,   5.33
197804,   7.17,   6.80,   8.77,   9.86,   7.34,   9.96
197805,   5.54,   4.31,   7.45,   1.50,   1.33,   5.30
197806,  -0.90,   0.51,   1.10,  -2.64,  -1.01,   0.92
197807,   3.85,   4.86,   7.11,   4.76,   5.52,   9.94
197808,   6.49,   7.06,   9.47,   3.74,   2.92,   6.41
197809,   0.13,  -0.20,  -1.75,   0.62,  -1.44,  -3.71
197810, -15.03, -16.54, -23.20,  -8.31,  -9.95, -16.92
197811,   3.09,   4.20,   8.60,   2.25,   3.13,   7.79
197812,   0.70,   1.95,   3.01,  -0.90,   2.03,   2.88
197901,   9.69,   7.75,   8.98,   5.93,   3.89,   4.15
197902,  -2.05,  -1.98,  -2.69,  -2.54,  -2.57,  -4.02
197903,   8.24,   8.18,  10.62,   5.20,   5.33,   8.58
197904,   2.18,   2.55,   2.96,   0.29,  -0.05,   1.13
197905,  -1.57,  -1.10,  -1.65,  -0.88,  -1.31,  -1.93
197906,   5.23,   5.26,   6.02,   4.00,   4.55,   4.86
197907,   3.38,   3.41,   1.87,   1.85,   1.38,   1.18
197908,   8.82,   6.49,   8.25,   7.13,   4.85,   7.23
197909,  -2.46,  -0.78,   1.65,  -3.06,  -1.10,   3.52
197910, -11.71, -10.16,  -9.63,  -7.30,  -7.42,  -5.14
197911,   3.60,   6.41,  12.29,   3.74,   5.37,  10.97
197912,   4.51,   4.44,   9.23,   0.04,   1.87,   4.87
198001,   5.51,   6.69,  10.75,   2.06,   5.12,  11.84
198002,  -4.50,  -3.65,   0.81,  -4.33,  -2.37,   6.12
198003, -13.76, -15.03, -20.64,  -4.80,  -9.07, -17.08
198004,   6.65,   5.51,   7.14,   6.50,   3.58,   5.17
198005,   9.33,   8.09,   7.58,   5.49,   6.56,   5.01
198006,   4.04,   4.01,   5.64,   3.35,   2.00,   4.94
198007,   8.97,   8.80,  12.46,   9.31,   5.48,   6.56
198008,   4.72,   3.71,   8.98,   0.70,   1.23,   2.83
198009,   1.76,   2.39,   5.56,  -0.73,   0.62,   6.34
198010,   0.17,   1.99,   7.04,  -2.50,   0.16,   5.28
198011,   1.04,   4.46,  12.24,   0.79,  10.93,  20.06
198012,  -1.74,  -1.57,  -4.37,   2.88,  -2.28,  -7.79
198101,   1.59,   1.89,  -3.37,   1.75,  -2.16,  -9.16
198102,   1.48,   1.46,   0.36,   2.51,   2.56,   0.86
198103,   7.52,   7.24,   8.08,   4.56,   3.06,   5.48
198104,   2.26,   3.55,   3.16,  -0.51,  -1.57,  -3.32
198105,   0.47,   2.53,   5.32,   0.37,   0.48,   3.02
198106,   0.32,  -0.63,  -2.66,   2.41,  -1.26,  -6.42
198107,  -1.69,  -2.02,  -2.61,   2.77,  -1.31,  -1.36
198108,  -6.90,  -6.29,  -7.82,  -4.75,  -5.67,  -6.07
198109,  -9.62,  -6.55,  -6.55,  -6.44,  -5.22,  -5.56
198110,   6.06,   7.10,   9.64,   3.31,   6.09,   7.87
198111,   1.73,   4.56,   3.54,   5.36,   5.51,   3.02
198112,  -3.28,  -0.36,  -1.28,  -3.46,  -2.56,  -2.83
198201,  -3.76,  -3.06,  -3.17,  -3.63,  -2.04,  -0.76
198202,  -7.48,  -3.42,  -2.43,  -7.72,  -4.82,  -2.78
198203,  -2.43,  -0.51,  -0.37,  -2.40,  -1.22,   1.40
198204,   5.61,   5.71,   5.19,   4.76,   3.94,   4.36
198205,  -5.08,  -2.21,  -1.58,  -4.48,  -2.02,  -2.87
198206,  -6.21,  -2.35,  -0.75,  -4.55,  -2.18,  -0.01
198207,  -3.28,  -1.02,  -0.15,  -5.31,  -3.97,   0.51
198208,   9.99,   7.64,   7.59,  15.64,  12.63,  11.01
198209,   0.03,   4.97,   6.11,   0.14,   1.31,   2.40
198210,  13.53,  12.47,  15.73,  12.75,  11.81,  10.62
198211,   4.98,   9.60,  10.89,   1.06,   4.75,   6.93
198212,   0.40,   1.36,   1.70,   2.67,   0.36,   1.41
198301,   9.14,   6.05,   7.70,   4.55,   4.27,   2.59
198302,   2.61,   5.42,   6.65,   1.25,   2.36,   4.87
198303,   3.45,   4.33,   5.51,   3.71,   2.78,   3.51
198304,   6.08,   7.12,   8.72,   8.16,   5.72,   9.12
198305,   9.51,   5.13,   7.20,   1.08,  -0.52,   0.21
198306,   3.54,   3.57,   5.14,   3.96,   2.10,   5.92
198307,  -0.09,  -1.48,  -3.82,  -2.82,  -2.78,  -5.37
198308,  -1.22,  -2.04,  -5.25,   3.42,   1.43,  -3.44
198309,   0.63,   2.81,   1.84,   1.99,   1.95,   0.58
198310,  -4.19,  -4.55,  -8.03,  -0.53,  -1.34,  -5.81
198311,   3.40,   4.80,   4.58,   2.60,   2.97,   1.23
198312,  -2.51,  -0.53,  -1.41,  -0.59,  -1.42,  -0.20
198401,  -0.68,  -0.41,  -2.42,  -0.14,  -0.72,  -3.37
198402,  -5.85,  -4.49,  -5.51,  -4.32,  -3.27,  -4.30
198403,  -0.47,   1.78,   1.20,   1.19,   1.60,   1.70
198404,  -2.30,  -0.12,   0.44,  -0.16,   0.47,   1.21
198405,  -6.20,  -4.89,  -4.13,  -5.95,  -4.87,  -4.98
198406,   2.17,   3.58,   2.75,   3.31,   3.28,   1.33
198407,  -7.11,  -3.56,  -1.41,  -2.57,  -1.11,  -2.41
198408,  13.82,  11.21,   8.39,  14.96,  12.27,   9.01
198409,  -2.02,  -0.39,   2.30,  -1.54,  -0.73,   1.50
198410,  -3.66,  -0.65,   0.80,  -1.03,   0.26,   0.91
198411,  -4.51,  -0.93,  -1.00,  -0.86,  -0.88,  -0.98
198412,   0.54,   2.55,   2.30,   1.46,   2.56,   2.78
198501,  16.08,  11.84,   8.85,  12.02,   9.10,   5.45
198502,   1.82,   2.85,   3.23,  -0.03,   1.53,   2.19
198503,  -3.62,  -1.94,  -0.14,   0.49,  -0.12,   0.36
198504,  -2.87,  -0.65,   0.94,  -1.94,  -0.08,   0.38
198505,   1.55,   3.93,   4.86,   2.32,   6.49,   7.01
198506,  -1.57,   2.57,   3.86,   1.38,   1.00,   3.22
198507,   3.35,   2.23,   1.61,   3.41,   0.47,  -2.71
198508,  -1.35,  -0.73,   0.16,  -1.76,  -0.66,   0.37
198509,  -7.24,  -4.89,  -4.67,  -4.23,  -3.31,  -3.83
198510,   0.71,   3.59,   5.91,   1.61,   4.79,   6.16
198511,   6.56,   6.61,   7.59,   8.38,   7.12,   6.54
198512,   3.85,   4.66,   4.25,   4.86,   4.89,   4.20
198601,  -0.23,   1.74,   4.06,   1.19,  -0.18,   2.82
198602,   5.21,   6.98,   9.09,   6.59,   7.63,   8.26
198603,   4.15,   4.94,   4.90,   3.18,   4.76,   7.32
198604,   1.15,   1.81,   2.14,   0.17,  -1.22,  -1.81
198605,   2.93,   3.10,   5.29,   5.30,   4.38,   6.97
198606,  -2.46,   0.60,   2.63,  -1.23,   1.35,   3.99
198607, -10.51,  -7.18,  -8.31,  -6.99,  -4.79,  -5.59
198608,   4.35,   3.35,   2.36,  12.86,   7.77,   4.83
198609,  -5.03,  -5.89,  -7.75,  -2.36,  -7.17, -11.36
198610,   1.88,   2.93,   4.33,   3.85,   4.63,   6.79
198611,  -0.68,   0.21,  -1.17,   1.74,   2.23,   1.60
198612,  -3.30,  -1.92,  -3.25,  -3.56,  -2.43,  -2.81
198701,  11.79,  10.12,  12.35,  10.73,  12.12,  14.36
198702,   8.09,   7.35,   7.62,   7.11,   4.44,   3.23
198703,   1.35,   2.19,   3.28,   1.48,   1.33,   2.74
198704,  -3.86,  -3.25,  -2.07,   0.70,  -3.21,  -0.58
198705,  -0.29,  -0.28,  -0.74,   1.72,   0.31,   0.80
198706,   2.33,   3.86,   2.50,   5.06,   4.89,   4.48
198707,   2.19,   3.23,   4.77,   2.75,   4.16,   5.51
198708,   3.06,   3.61,   3.09,   5.55,   3.94,   3.78
198709,  -2.74,  -1.21,  -1.56,  -1.57,  -3.09,  -1.32
198710, -26.28, -27.81, -32.40, -13.74, -21.67, -23.33
198711,  -6.01,  -3.48,  -5.35,  -5.03,  -8.26,  -7.98
198712,   3.95,   6.23,  11.55,   3.87,   6.58,   7.93
198801,   8.22,   5.22,   2.06,  10.71,   6.38,   1.70
198802,   8.67,   7.67,   7.68,   7.28,   3.73,   5.20
198803,   2.93,   3.81,   4.53,  -1.86,  -3.30,  -2.19
198804,   0.64,   1.12,   3.03,  -0.56,   0.67,   1.56
198805,  -3.06,  -1.60,  -1.50,   0.87,   0.59,   0.59
198806,   7.10,   5.69,   6.87,   9.00,   4.45,   3.41
198807,  -0.49,  -1.04,  -0.55,  -1.85,  -0.50,  -0.53
198808,  -3.10,  -2.03,  -2.57,  -2.73,  -2.82,  -2.59
198809,   1.32,   2.74,   3.02,   4.71,   4.36,   3.48
198810,  -2.02,  -0.82,  -0.15,   1.58,   2.40,   2.33
198811,  -3.94,  -2.20,  -3.12,  -1.56,  -1.46,  -1.54
198812,   2.73,   3.25,   4.28,   2.33,   1.86,   1.61
198901,   4.68,   4.17,   5.34,   8.01,   6.40,   7.06
198902,   0.73,   0.37,   1.17,  -2.05,  -2.50,  -0.62
198903,   1.10,   1.98,   3.46,  -0.45,   1.81,   4.31
198904,   3.08,   3.81,   5.28,   4.60,   4.95,   5.78
198905,   3.18,   4.13,   4.39,   2.92,   4.04,   4.83
198906,  -2.38,  -0.13,  -2.16,  -1.08,  -0.58,  -0.04
198907,   1.61,   4.12,   6.09,   4.47,   7.69,  10.80
198908,   1.74,   2.97,   3.47,   3.46,   2.21,   1.43
198909,  -1.16,   0.47,   1.83,  -2.44,  -1.10,   1.37
198910,  -7.26,  -4.75,  -5.56,  -3.62,  -2.23,  -2.61
198911,  -1.32,   0.78,   1.23,  -0.68,   2.72,   1.92
198912,  -1.47,  -0.09,   0.91,  -1.16,   2.98,   2.05
199001,  -8.22,  -7.37, -10.09,  -3.57,  -6.29,  -8.26
199002,   2.96,   1.94,   3.89,   3.29,   1.30,   1.30
199003,   2.01,   3.14,   4.80,   2.54,   1.26,   3.03
199004,  -5.16,  -3.31,  -2.63,  -4.46,  -2.73,  -2.13
199005,   4.92,   4.38,  10.01,   8.80,   9.03,   9.82
199006,  -0.32,   0.49,   0.29,  -3.82,  -1.35,   0.43
199007,  -6.55,  -3.51,  -2.78,  -7.72,  -1.43,   0.38
199008, -14.64, -11.03, -13.37, -10.53,  -9.63,  -8.28
199009, -12.73,  -7.73,  -8.43, -11.53,  -4.06,  -4.72
199010, -10.28,  -5.50,  -3.82,  -6.80,  -0.68,   0.21
199011,   8.65,   6.42,   6.96,  14.93,   7.59,   5.39
199012,   1.14,   4.10,   4.59,   5.35,   4.42,   1.94
199101,  10.22,   7.14,   8.03,  14.21,   5.88,   3.30
199102,  15.52,  10.36,  10.83,  11.87,   6.73,   7.06
199103,   6.06,   4.48,   8.75,   0.80,   1.78,   3.63
199104,   0.50,   1.77,   0.53,   4.12,   0.49,  -0.70
199105,   2.04,   3.48,   5.26,   7.34,   3.56,   3.95
199106,  -4.28,  -2.90,  -5.42,  -5.81,  -4.92,  -3.76
199107,   1.82,   2.87,   6.52,   3.12,   3.15,   7.10
199108,   1.72,   3.27,   5.38,   4.31,   1.33,   3.90
199109,  -1.52,   0.25,   1.88,  -1.51,  -1.10,  -1.45
199110,   0.47,   1.62,   4.18,  -0.16,   1.65,   2.56
199111,  -5.13,  -2.62,  -4.71,  -5.46,  -2.85,  -3.36
199112,   3.25,   6.50,  10.61,   6.80,  11.21,  16.03
199201,  11.03,   6.85,   9.48,   1.41,  -2.36,  -2.05
199202,   3.04,   3.42,   3.09,   2.53,   0.71,   1.33
199203,  -3.41,  -0.91,  -3.87,  -2.75,  -1.42,  -3.00
199204,  -3.76,  -2.22,  -4.28,   4.36,   2.83,  -0.20
199205,   1.80,   0.52,   0.65,   0.47,   0.02,   1.89
199206,  -4.99,  -2.99,  -4.18,  -1.61,  -0.73,  -3.64
199207,   2.02,   3.08,   4.26,   3.46,   4.37,   4.09
199208,  -3.06,  -2.19,  -3.13,  -2.07,  -1.54,  -3.02
199209,  -0.06,   1.73,   2.64,   1.37,   1.35,   1.53
199210,   2.04,   2.14,   3.66,  -0.83,   0.32,   2.97
199211,   9.51,   6.11,   7.57,   3.54,   3.30,   4.81
199212,   0.98,   3.31,   5.48,  -2.13,   2.14,   2.25
199301,   2.21,   3.30,   5.16,  -2.96,   0.78,   3.76
199302,  -4.66,  -1.31,  -1.47,  -1.52,   1.06,   1.50
199303,   0.97,   2.27,   4.66,   0.64,   1.95,   4.43
199304,  -4.07,  -1.75,  -2.98,  -2.83,  -2.52,  -3.26
199305,   5.85,   3.62,   4.44,   3.30,   1.58,   5.30
199306,  -1.51,   0.33,   2.07,  -2.39,   0.39,   3.18
199307,  -0.16,   1.86,   1.89,  -2.72,  -0.18,   1.73
199308,   2.69,   3.14,   5.74,   3.80,   2.91,   5.91
199309,   0.95,   2.75,   4.50,  -2.01,  -0.26,   1.26
199310,   4.19,   2.38,   2.87,   4.64,   0.16,   0.61
199311,  -1.04,  -2.32,  -4.28,   2.59,  -2.62,  -3.60
199312,   1.45,   3.16,   3.68,   0.03,   2.23,   2.37
199401,   3.25,   2.50,   3.11,   3.79,   2.27,   3.96
199402,  -0.47,  -0.32,  -0.97,  -2.37,  -2.69,  -2.45
199403,  -4.40,  -4.71,  -6.45,  -4.28,  -3.98,  -4.89
199404,  -1.75,  -0.38,   0.23,   1.29,   1.63,   0.14
199405,   0.28,   0.03,  -2.47,   1.72,   1.31,   0.16
199406,  -3.30,  -1.33,  -3.14,  -1.98,  -2.53,  -3.78
199407,   0.81,   1.20,   2.50,   3.33,   3.84,   2.01
199408,   5.57,   5.01,   6.10,   3.79,   3.24,   6.38
199409,  -0.62,  -0.62,   1.30,  -2.59,  -2.40,  -1.87
199410,  -1.29,  -0.53,   1.18,   1.68,   2.12,   2.08
199411,  -4.62,  -3.58,  -3.29,  -2.13,  -3.89,  -3.85
199412,  -2.34,   1.91,   3.43,   0.05,   1.74,   1.29
199501,   0.99,   0.07,  -0.55,   3.44,   3.25,   1.34
199502,   3.21,   3.44,   3.97,   4.93,   4.29,   3.46
199503,   1.43,   1.74,   2.65,   3.36,   2.35,   2.91
199504,   2.10,   2.35,   2.40,   0.23,   2.23,   3.53
199505,   1.59,   1.68,   1.94,   4.63,   3.81,   3.39
199506,   4.39,   3.37,   8.67,   2.84,   1.30,   4.37
199507,   4.37,   4.81,   8.77,   3.49,   3.52,   4.15
199508,   1.85,   3.62,   3.13,   1.33,   1.24,   0.23
199509,   0.13,   2.27,   2.95,   2.07,   3.89,   4.66
199510,  -8.32,  -3.42,  -4.76,  -4.04,  -0.93,   0.63
199511,   1.91,   3.81,   4.10,   7.18,   4.68,   3.69
199512,  -0.14,   2.90,   3.37,  -0.31,   2.04,   1.26
199601,   1.27,   0.44,   0.29,   1.49,   2.38,   3.60
199602,   3.76,   2.80,   4.03,   1.45,   0.78,   2.31
199603,   2.90,   1.76,   2.38,   3.58,   1.31,   0.35
199604,   6.89,   3.20,   8.72,   5.42,   0.94,   1.76
199605,   4.62,   4.13,   6.07,   1.73,   1.87,   3.37
199606,  -4.97,  -2.44,  -4.71,  -2.09,   0.45,  -0.33
199607,  -8.38,  -6.08, -10.95,  -7.57,  -4.01,  -5.22
199608,   4.87,   5.00,   7.03,   4.64,   2.72,   2.37
199609,   2.31,   3.60,   5.16,   4.11,   4.60,   6.66
199610,  -3.44,   0.29,  -2.35,  -3.87,   2.97,   2.87
199611,   4.42,   4.08,   1.95,   8.41,   7.45,   6.43
199612,  -0.24,   3.03,   3.03,  -0.18,  -1.31,  -2.23
199701,   4.65,   3.07,   3.42,   2.92,   4.21,   8.06
199702,  -2.57,   0.09,  -4.38,   0.28,   1.81,  -2.01
199703,  -6.63,  -3.56,  -4.15,  -4.32,  -4.06,  -4.87
199704,  -3.37,   0.00,  -0.96,   0.76,   3.62,   8.18
199705,  15.74,   9.81,  11.59,  11.93,   5.95,   5.76
199706,   3.93,   5.96,   7.35,   3.22,   3.42,   5.03
199707,   3.89,   5.46,   6.95,   5.01,   6.70,   9.57
199708,   4.15,   3.06,   3.81,  -1.34,  -3.77,  -6.09
199709,   7.86,   7.86,   9.76,   4.80,   5.21,   5.79
199710,  -4.74,  -2.23,  -4.24,  -2.90,  -2.83,  -4.16
199711,  -3.33,  -0.59,  -1.18,   4.13,   4.86,   2.56
199712,  -4.43,   1.64,   1.83,   0.90,   2.09,   2.55
199801,   0.53,  -0.83,  -1.20,  -0.65,   0.52,   1.30
199802,   8.36,   7.47,   7.20,   8.30,   7.31,   7.17
199803,   3.42,   4.75,   5.65,   3.95,   4.70,   6.04
199804,   1.91,   1.28,   1.67,   0.59,   0.12,   2.40
199805,  -6.75,  -3.97,  -5.45,  -4.15,  -2.05,  -1.70
199806,  -5.84,  -0.98,   2.17,  -0.09,   3.91,   6.42
199807, -10.03,  -6.88,  -5.60,  -2.95,  -2.46,  -0.01
199808, -23.76, -17.41, -20.66, -15.28, -15.43, -14.62
199809,   5.90,   4.91,   8.97,  10.76,   6.29,   6.27
199810,   7.21,   3.83,   2.51,  12.81,   8.86,   6.78
199811,   5.27,   6.09,   7.23,   6.27,   5.74,   6.63
199812,   0.71,   4.11,   7.46,  -2.11,   1.90,   9.12
199901,   4.13,   0.00,   3.06,  -1.88,   0.70,   5.27
199902,  -8.25,  -7.26,  -7.55,  -3.09,  -1.55,  -4.11
199903,   0.11,  -3.12,  -0.66,   6.18,   2.11,   4.36
199904,  13.38,   6.97,   8.38,  15.38,   9.24,   2.25
199905,   5.77,   3.36,   2.33,   4.35,  -0.46,  -2.78
199906,   3.78,   4.67,   9.27,   2.04,   1.14,   6.31
199907,  -1.47,  -0.55,  -0.51,  -4.57,  -4.18,  -2.52
199908,  -4.98,  -3.14,  -1.43,  -2.24,  -2.09,   0.04
199909,  -2.71,  -1.07,   1.41,  -9.30,  -4.58,  -0.50
199910,  -3.79,  -0.63,   1.51,   1.44,   6.74,   7.08
199911,   5.84,   2.89,  13.33,   1.54,  -1.01,   5.28
199912,   5.33,   3.34,  17.28,  -1.96,  -4.04,  12.46
200001,  -0.17,  -1.45,   3.44,  -5.47,  -1.93,  -5.36
200002,   6.12,   5.81,  26.99,  -9.09,  -7.85,   6.75
200003,   2.04,   0.63,  -1.89,  14.36,  11.21,   5.51
200004,  -4.46,  -0.30, -13.71,   2.43,  -4.62,  -5.47
200005,  -3.22,  -1.88,  -8.27,   5.97,   2.51,  -7.14
200006,   2.39,   1.99,  21.02,  -6.58,  -0.93,   7.95
200007,  -0.85,   1.08,  -5.01,  -5.28,  -1.16,  -1.35
200008,   5.20,   4.85,  12.00,   5.29,   3.62,   9.90
200009,  -8.66,  -0.78,  -3.77,  -6.61,   0.99,  -7.11
200010,  -7.48,  -1.58,  -7.84,   3.70,   2.21,  -5.20
200011, -14.44,  -5.71, -13.35,  -8.84,  -3.67, -14.74
200012,  -0.08,   6.73,   7.91,  -1.62,   0.90,   3.78
200101,  30.25,   8.23,   4.33,  18.69,   2.46,  -5.50
200102, -14.97,  -1.88,  -4.22, -17.31,  -7.90,  -3.04
200103,  -9.94,  -2.08,  -1.28, -11.56,  -5.69,  -3.52
200104,  13.27,   6.11,   7.02,  13.86,   5.28,   4.17
200105,   5.49,   5.37,   5.81,  -1.69,   2.26,   2.23
200106,   4.57,   5.08,   5.38,  -1.90,  -2.29,  -2.02
200107,  -9.09,  -1.55,  -1.81,  -3.26,  -0.31,   0.39
200108,  -7.98,  -1.03,  -2.91,  -9.13,  -4.64,  -3.13
200109, -22.38, -12.08,  -9.81, -15.89,  -4.11,  -5.39
200110,  17.16,   5.15,   5.67,   4.60,   0.95,  -0.74
200111,  15.34,   6.62,   5.91,  12.10,   5.51,   4.37
200112,   9.61,   6.77,   6.09,  -0.71,   2.40,   2.77
200201,  -5.32,  -0.68,   1.41,  -2.37,  -1.07,  -1.73
200202,  -9.51,  -0.68,  -1.96,  -5.76,  -0.41,   0.21
200203,  11.11,   9.01,   8.59,   4.86,   3.59,   4.05
200204,  -5.10,   2.24,   0.63, -10.23,  -4.85,  -0.05
200205,  -8.09,  -3.04,  -2.72,  -1.51,  -0.40,  -0.93
200206, -10.95,  -3.32,  -1.57,  -8.30,  -7.05,  -5.38
200207, -17.94, -12.58, -12.93,  -8.55,  -6.37,  -6.89
200208,  -1.59,   1.30,   0.51,  -0.17,   1.71,   1.26
200209, -13.45,  -5.40,  -4.60, -15.08,  -9.25,  -5.75
200210,   7.20,   2.34,   4.57,  12.61,   5.98,   4.63
200211,  23.33,   5.82,   3.76,  11.11,   3.04,  -1.70
200212, -11.24,  -3.64,  -1.52, -10.29,  -4.39,  -0.74
200301,  -3.11,  -2.40,  -0.98,  -2.75,  -2.97,  -1.70
200302,  -4.42,  -3.22,  -1.97,  -1.39,  -2.10,  -1.34
200303,   0.99,   0.43,   2.27,  -0.43,   1.57,   1.49
200304,  16.43,   9.19,   7.36,  14.94,   7.66,   5.03
200305,  19.13,   9.90,   7.61,  13.80,   5.44,   3.62
200306,   4.45,   2.36,   2.81,   2.20,   0.81,   1.66
200307,   7.66,   5.60,   7.65,   3.20,   1.32,   2.59
200308,   5.75,   3.98,   5.36,   2.87,   2.05,   2.16
200309,  -1.11,  -0.89,  -0.55,  -0.76,  -1.18,  -1.70
200310,   7.02,   7.78,   9.94,   4.84,   4.07,   9.38
200311,   2.96,   4.13,   4.13,   0.66,   1.06,   2.75
200312,   6.06,   3.12,   1.03,   7.15,   4.43,   0.81
200401,   2.77,   3.39,   6.88,   1.19,   2.39,   2.26
200402,   1.30,   1.62,   0.05,   1.50,   2.06,   0.61
200403,   0.87,   0.98,  -0.19,  -2.05,  -1.07,  -0.56
200404,  -1.86,  -2.37,  -6.29,   0.85,  -2.48,  -5.46
200405,  -0.14,   1.07,   1.87,   0.70,   1.78,   1.87
200406,   2.74,   4.24,   4.70,   1.60,   1.26,   3.83
200407,  -7.67,  -5.73,  -7.73,  -2.43,  -3.60,  -6.93
200408,  -0.46,  -0.44,  -2.57,   0.58,   0.29,  -0.46
200409,   3.31,   4.42,   7.35,  -0.72,   1.11,   5.75
200410,   2.74,   2.46,   0.80,   2.64,   0.66,   1.55
200411,   8.27,   8.22,   9.93,   2.20,   4.58,   7.00
200412,   5.66,   2.39,   2.99,   4.52,   3.83,   1.53
200501,  -6.82,  -3.11,  -2.18,  -3.55,  -1.57,  -1.80
200502,   0.28,   0.93,   3.55,   0.88,   2.30,   3.97
200503,  -3.26,  -2.00,  -2.98,  -2.40,  -1.15,  -1.59
200504,  -7.21,  -4.92,  -6.28,  -1.31,  -1.54,  -3.95
200505,   6.53,   5.98,   7.17,   3.88,   2.98,   4.11
200506,   3.34,   4.05,   3.99,  -0.37,  -0.49,   3.09
200507,   7.26,   6.31,   6.33,   3.92,   3.44,   4.79
200508,  -2.13,  -2.15,  -0.60,  -1.70,  -1.14,   1.31
200509,  -1.14,   0.31,   1.71,  -0.61,   0.83,   3.44
200510,  -3.46,  -2.54,  -3.03,  -0.03,  -2.05,  -3.06
200511,   4.85,   3.90,   5.04,   3.54,   4.06,   3.88
200512,  -0.02,  -0.37,   0.03,  -0.34,  -0.21,   1.13
200601,   8.44,   6.36,  10.68,   2.58,   1.37,   5.70
200602,  -0.48,   0.79,  -1.09,   0.88,   0.87,  -2.19
200603,   3.38,   3.99,   5.30,   2.24,   0.53,   2.86
200604,  -0.27,  -0.08,   0.69,   0.91,   1.33,   1.18
200605,  -4.10,  -4.19,  -6.99,  -1.09,  -2.91,  -5.50
200606,  -2.23,   0.12,  -0.54,  -0.67,   0.44,   0.59
200607,  -3.64,  -2.39,  -5.13,   0.27,   0.98,  -2.68
200608,   4.54,   2.65,   1.56,   4.06,   2.70,   0.11
200609,   1.63,   1.04,   0.71,   3.09,   2.32,   2.11
200610,   6.19,   5.13,   5.47,   4.05,   2.70,   4.28
200611,   3.79,   2.36,   2.46,   3.08,   1.52,   2.38
200612,   0.25,   0.77,   0.69,  -0.18,   1.89,   1.05
200701,   2.07,   1.03,   2.02,   1.97,   1.50,   2.39
200702,  -0.01,  -0.34,  -0.76,  -0.65,  -1.46,  -2.61
200703,   0.13,   1.28,   1.93,  -0.36,   0.48,   2.85
200704,   1.96,   1.64,   2.95,   5.20,   4.18,   3.91
200705,   4.05,   4.39,   2.93,   3.53,   3.33,   4.11
200706,  -1.71,  -0.75,  -0.98,  -1.48,  -1.65,  -1.44
200707,  -7.52,  -5.07,  -5.04,  -4.55,  -3.46,  -1.41
200708,   1.15,   1.30,   1.07,   1.88,   1.05,   2.15
200709,  -0.37,   0.47,   4.24,   1.57,   3.39,   6.09
200710,  -0.67,   2.35,   3.80,  -1.39,   2.42,   3.88
200711,  -8.09,  -6.51,  -8.03,  -6.05,  -3.48,  -4.31
200712,  -2.30,  -0.83,   1.06,  -7.34,  -1.39,   2.39
200801,  -3.07,  -6.19, -10.75,  -1.22,  -3.84,  -9.29
200802,  -6.05,  -3.41,  -2.53,  -9.34,  -3.50,  -0.64
200803,  -2.39,   1.57,  -1.04,  -6.66,  -0.53,   0.19
200804,   2.69,   3.07,   4.18,   8.66,   2.26,   6.51
200805,   4.06,   3.95,   4.88,  -2.68,   1.28,   2.93
200806, -15.56,  -9.76,  -5.07, -18.78, -10.23,  -4.19
200807,   4.78,   3.87,   1.86,   3.45,   1.58,  -3.90
200808,   7.46,   4.64,   0.80,   1.30,   2.65,  -0.11
200809,  -9.89,  -6.51,  -9.89, -12.33,  -6.22, -11.61
200810, -25.70, -20.91, -19.15, -23.85, -15.69, -14.81
200811, -16.94, -13.48,  -9.55, -14.50,  -4.73,  -7.54
200812,   9.50,   5.19,   4.42,   4.92,   2.03,  -0.15
200901,  -7.75,  -9.61, -11.85,  -8.32,  -7.99,  -7.86
200902, -15.81, -12.14, -11.69, -13.00, -10.09,  -9.07
200903,  19.01,  11.62,   7.29,  17.39,  10.54,   5.90
200904,  45.83,  22.09,   8.72,  34.07,  14.44,   2.39
200905,  15.18,   4.04,   1.33,  14.11,   6.10,   3.02
200906,  -0.23,   2.84,   3.02,  -6.10,   0.80,   1.25
200907,  14.09,  10.43,   8.03,  10.86,   7.83,   6.19
200908,  11.26,   3.57,  -0.38,   8.19,   3.26,   2.19
200909,  10.75,   5.63,   4.77,   7.09,   3.65,   3.17
200910,  -8.06,  -5.51,  -8.39,  -6.91,  -1.27,  -1.27
200911,   2.16,   1.88,   3.17,   6.29,   5.45,   5.95
200912,   8.68,   7.10,   9.66,  -0.46,   3.38,   4.38
201001,  -0.84,  -3.39,  -4.74,  -0.23,  -3.37,  -7.05
201002,   3.02,   4.15,   6.35,   1.53,   3.53,   5.46
201003,   8.25,   7.61,   9.47,   4.43,   5.82,  10.62
201004,   5.73,   5.82,   8.32,   1.06,   0.81,   4.89
201005,  -7.86,  -6.99,  -7.85,  -7.83,  -7.96,  -8.17
201006,  -7.01,  -6.85, -10.41,  -4.14,  -5.76,  -6.73
201007,   6.01,   6.40,   8.95,   7.28,   6.46,   8.13
201008,  -7.78,  -7.57,  -7.25,  -4.00,  -4.60,  -4.90
201009,  13.40,  12.20,  13.54,   8.91,   8.53,  11.47
201010,   3.51,   3.23,   4.55,   2.05,   4.29,   4.33
201011,   2.54,   2.59,   4.54,  -0.29,  -0.26,   2.79
201012,  11.29,   8.31,   7.23,   7.92,   6.07,   5.63
201101,  -0.69,   0.27,   0.60,   2.80,   2.51,   0.93
201102,   3.57,   5.01,   6.19,   1.84,   4.64,   3.38
201103,  -0.43,   2.81,   4.39,  -0.89,   0.46,   1.33
201104,   1.58,   2.57,   2.11,   2.81,   3.37,   2.40
201105,  -2.23,  -1.24,  -2.05,  -0.56,  -1.20,  -1.87
201106,  -3.51,  -1.54,  -1.45,  -2.56,  -1.55,  -1.08
201107,  -4.27,  -4.11,  -3.44,  -1.52,  -2.46,  -2.37
201108,  -9.92,  -7.74,  -9.97,  -6.40,  -4.77,  -7.03
201109, -10.79,  -9.86, -13.54,  -7.46,  -6.17,  -9.75
201110,  15.76,  15.20,  17.67,  14.81,  10.56,  10.02
201111,  -2.81,  -0.23,   0.32,  -4.13,  -0.09,   0.77
201112,  -0.43,   1.11,   0.36,  -2.68,   1.56,   0.48
201201,  11.86,   6.41,   6.52,  13.08,   5.09,   2.54
201202,   3.27,   2.55,   3.89,   5.68,   4.17,   4.51
201203,   1.71,   2.99,   3.13,   2.59,   2.27,   4.18
201204,  -3.45,  -1.59,  -0.47,  -4.43,  -0.93,   0.25
201205, -10.42,  -5.94,  -5.19, -12.19,  -6.49,  -4.16
201206,   6.04,   4.66,   4.10,   2.67,   4.90,   3.09
201207,  -4.07,  -1.20,  -0.09,  -0.72,   1.07,   1.50
201208,   4.88,   2.46,   3.16,   4.52,   3.51,   1.29
201209,   3.96,   3.03,   3.59,   4.20,   2.31,   2.45
201210,  -3.11,  -2.40,  -1.00,  -0.47,  -1.68,  -2.42
201211,   1.20,   0.76,   0.65,  -0.26,   0.66,   1.08
201212,   4.92,   3.34,   2.53,   3.78,   0.71,   0.27
201301,   6.27,   5.92,   6.56,   7.63,   6.04,   3.55
201302,   0.88,   1.13,   1.36,  -0.51,   1.64,   1.62
201303,   3.89,   4.85,   6.22,   3.55,   3.56,   5.14
201304,  -0.39,  -0.32,  -0.14,   1.43,   1.77,   1.72
201305,   7.54,   4.23,   4.83,   3.54,   2.23,   2.77
201306,  -0.21,   0.32,   0.49,  -2.62,  -0.51,  -2.15
201307,   7.16,   7.36,   8.34,   4.71,   5.12,   7.10
201308,  -3.23,  -3.01,  -2.39,  -2.23,  -2.79,  -3.03
201309,   5.14,   5.64,   7.38,   1.92,   3.89,   5.60
201310,   2.15,   3.64,   2.23,   3.48,   5.16,   3.75
201311,   4.75,   5.08,   4.62,   2.49,   3.14,   3.51
201312,   2.92,   1.73,   2.88,   2.83,   2.48,   3.01
201401,  -2.70,  -3.68,  -2.64,  -5.06,  -3.35,  -1.63
201402,   4.02,   4.15,   5.44,   3.94,   4.15,   6.61
201403,   0.64,   1.69,  -1.31,   2.17,   1.59,  -2.63
201404,  -2.60,  -3.07,  -5.31,   2.58,   0.75,  -2.25
201405,   0.30,   0.97,  -0.29,   0.50,   2.45,   3.51
201406,   5.31,   5.16,   6.44,   2.61,   1.97,   2.97
201407,  -6.32,  -5.38,  -5.99,  -0.67,  -2.17,  -1.48
201408,   3.90,   4.60,   5.40,   4.25,   4.11,   4.32
201409,  -6.57,  -4.80,  -6.01,  -1.96,  -1.60,  -1.64
201410,   5.68,   7.74,   4.80,   1.27,   2.55,   2.07
201411,  -0.66,  -0.20,   0.47,   2.39,   2.19,   3.39
201412,   1.56,   3.09,   2.59,  -1.90,   0.38,  -0.75
201501,  -7.45,  -4.52,  -1.76,  -3.33,  -4.53,  -1.40
201502,   9.28,   6.29,   5.62,   7.74,   6.17,   5.74
201503,  -0.95,   1.67,   2.61,  -3.04,  -1.63,  -0.60
201504,   2.73,  -2.09,  -4.21,   6.25,   2.13,  -1.44
201505,  -1.12,   0.98,   4.54,  -2.98,   1.14,   3.42
201506,  -0.91,   1.29,   2.34,  -3.90,  -1.89,  -1.02
201507,  -9.01,  -1.26,   0.53,  -7.56,   2.44,   3.49
201508,  -4.68,  -4.51,  -6.66,  -4.25,  -6.38,  -6.44
201509, -12.18,  -4.30,  -4.60,  -5.89,  -2.29,  -2.77
201510,   8.86,   5.77,   4.31,  10.31,   7.85,   6.81
201511,   2.91,   3.43,   4.95,  -1.59,   0.51,   0.78
201512,  -6.79,  -4.60,  -5.15,  -5.67,  -2.32,  -0.50
201601, -12.22,  -9.60, -10.02,  -6.03,  -5.43,  -5.54
201602,   2.99,   1.47,  -1.74,   1.40,   1.28,  -2.00
201603,  13.19,   8.67,   6.05,   9.05,   7.11,   5.93
201604,   6.87,   2.07,   1.78,   6.71,   1.40,  -0.72
201605,  -0.26,   1.65,   1.76,  -0.01,   1.73,   2.25
201606,  -1.84,  -0.99,   0.66,  -3.24,  -1.56,   2.47
201607,   7.50,   5.89,   5.26,   6.91,   4.35,   3.00
201608,   3.65,   2.35,   0.69,   2.35,   0.97,  -1.03
201609,   2.84,   1.31,   1.89,   0.50,  -0.21,   0.39
201610,  -7.40,  -3.83,  -5.07,  -1.69,  -1.41,  -2.65
201611,  11.20,  13.05,  10.60,   9.13,   3.93,   1.58
201612,   1.85,   3.97,   1.24,   1.36,   2.23,   1.21
201701,   1.98,  -0.40,   0.63,   2.56,   2.02,   1.96
201702,   2.80,   1.49,   1.04,   4.30,   3.68,   2.79
201703,   1.41,   0.96,  -0.28,  -0.18,   0.55,  -0.34
201704,   0.39,   1.92,   1.02,   0.58,   1.47,   0.84
201705,  -2.78,  -2.42,  -2.65,   0.06,   1.06,   2.85
201706,   3.80,   3.65,   4.24,   1.34,   0.68,   0.25
201707,   0.13,   0.43,   1.24,   1.39,   0.90,   3.60
201708,  -3.78,  -1.04,  -0.40,  -2.39,   0.52,   1.33
201709,   7.45,   7.71,   7.11,   3.55,   2.30,   1.53
201710,  -2.28,   0.59,   1.38,  -0.61,   1.49,   4.33
201711,   3.29,   3.06,   2.85,   4.28,   2.82,   3.29
201712,   1.13,  -0.97,   0.93,   3.27,   1.65,   0.20
201801,   1.85,   2.08,   4.03,   2.70,   4.26,   8.39
201802,  -5.37,  -3.39,  -3.10,  -7.31,  -4.72,  -1.64
201803,   0.33,   1.62,   0.17,  -0.49,  -2.25,  -2.90
201804,   2.50,   0.60,   1.09,  -1.24,   0.32,   0.70
201805,   5.61,   4.79,   8.89,  -0.51,   2.47,   3.81
201806,   2.55,   0.46,   0.95,   2.81,   0.38,  -0.35
201807,   1.48,   1.92,   1.20,   4.77,   4.65,   1.71
201808,   2.96,   2.91,   6.51,   0.73,   1.68,   7.63
201809,  -1.93,  -2.78,  -2.38,   0.36,   0.29,   0.71
201810, -11.91,  -9.40, -12.16,  -5.81,  -5.75,  -9.24
201811,   2.31,   1.08,   0.71,   1.01,   3.75,  -0.04
201812, -14.49, -11.85, -11.58,  -9.36,  -9.69,  -8.57
201901,  17.73,  11.58,   9.05,  16.02,   7.76,   7.40
201902,   4.89,   5.83,   5.41,   2.70,   3.13,   3.90
201903,  -3.37,  -3.15,  -1.47,   0.14,   1.09,   2.52
201904,   3.32,   3.77,   1.66,   5.96,   5.34,   2.52
201905, -12.80,  -8.75,  -5.93, -13.44,  -7.09,  -5.11
201906,   7.85,   7.48,   7.62,  10.60,   7.43,   6.55
201907,  -3.16,   0.22,   2.04,   0.63,   2.33,   0.86
201908,  -9.24,  -5.60,  -3.47,  -9.24,  -3.72,   0.26
201909,   5.67,   3.99,  -2.23,   5.63,   3.11,  -0.18
201910,   0.18,   3.11,   3.40,   3.45,   3.50,   0.79
201911,   4.83,   4.36,   3.64,   6.62,   4.54,   2.60
201912,   6.87,   2.97,   3.37,   3.95,   2.57,   2.92
202001,  -7.17,  -4.22,  -1.75,  -3.53,  -0.45,   1.90
202002,  -9.13,  -9.79,  -7.55,  -5.83,  -8.41,  -7.86
202003, -26.28, -22.86, -22.28, -24.41, -13.00, -11.32
202004,  25.01,  13.18,  18.57,  17.08,  13.81,  12.54
202005,   8.13,   4.80,   7.55,   3.63,   5.31,   5.56
202006,   5.45,   3.09,   5.53,   5.05,  -1.24,   3.47
202007,   0.08,   2.61,   4.95,  -3.15,   4.06,   7.19
202008,   7.64,   5.20,   4.56,   5.06,   4.94,   9.16
202009,  -6.37,  -4.47,  -2.00,  -6.09,  -1.94,  -4.35
202010,   5.53,   3.33,   2.17,  -0.01,  -1.96,  -2.71
202011,  26.87,  16.71,  18.09,  25.95,  13.66,  10.24